{
  "sections": [
    {
      "type": "banners-grid",
      "banners": [
        {
          "img": "/img/uploads/banner-desconto-topo-teste.gif"
        }
      ]
    },
    {
      "type": "breadcrumbs",
      "enabled": true
    },
    {
      "type": "product-block",
      "enabled": true,
      "size_guide": {
        "image": "",
        "title": ""
      }
    },
    {
      "type": "related-products",
      "title": "Produtos relacionados"
    },
    {
      "type": "recommended-products",
      "title": "Quem comprou este produto, também comprou:",
      "show_loading": true
    },
    {
      "type": "product-description",
      "title": "Quem comprou este produto, também comprou:",
      "enabled": true
    },
    {
      "type": "product-specifications",
      "enabled": true
    },
    {
      "type": "product-specifications",
      "enabled": true
    }
  ]
}